i,brand,name,reviews,questions,price,color,size,weight,text,star1,star2,star3,star4,star5
10,"Schneider, Roberts and Hickle",Specialist invoice Producer PCI 24/365 Director Canyon partnerships,32249,953,2376.956291619273,azure,X-Small Medium Large,879,Sit ea quis debitis expedita quo iure. Enim voluptatem est autem facere corrupti delectus odit vel consequatur. Veniam ipsa sunt debitis. Est aut quis quia exercitationem sed consequatur id omnis similique. Sit recusandae consequatur doloremque. Quasi ut aut est ut culpa ut voluptas. Facilis ut odio qui. Beatae et id voluptatem reiciendis nulla. Illo quam maiores tenetur similique vitae voluptatem. Et molestiae quo dicta culpa consequatur ad eum repellendus eum. Facere sit eum amet. Velit amet repudiandae molestiae eveniet sunt. Commodi laudantium perferendis aut quis voluptas at aut voluptate.,7568,438,19075,3809,1359
9,"Corwin, Fay and Muller",Centralized Concrete Markets motivating Connecticut Sleek Investment Account Regional,40845,26,2204.379735591658,salmon,X-Small Medium Large,889,Non iure perspiciatis assumenda est consequatur sequi voluptatum nam. Id doloribus tempora maiores deleniti. Natus dolor iusto perferendis quo labore odit possimus. Repudiandae aperiam enim id architecto. Qui dicta dolores iure voluptas aliquam omnis aut. Nihil temporibus autem et commodi fugit dolorum odio minima. Aut quas a distinctio quo odit quaerat. Dolorum velit quasi qui soluta cum. Sint porro consectetur rem adipisci velit sint. Veniam qui sapiente fuga quidem iste quis eligendi vero aut. Dolorem modi consequatur ea. Totam sed voluptatibus. Adipisci rem eos quia quasi et repellendus. Quaerat itaque dolor corrupti aut ipsum necessitatibus laudantium.,9761,16509,6728,1379,6468
8,Hoeger - Lowe,wireless Colorado cross-platform Neck Baby online Operations Manager,80184,68,2786.1743233097923,sky blue,XXX-Large XXXX-Large XXXXX-Large,63,Sunt praesentium iure repellendus rerum sed qui nostrum labore. Excepturi illum officiis repudiandae esse incidunt eveniet commodi quia voluptas. Enim dolor necessitatibus aliquid adipisci iste dolorem. Commodi animi ut architecto at consequuntur sit natus aliquid. Saepe saepe omnis ratione consequuntur mollitia et natus. Dolor assumenda sed quis ducimus et aut. Iusto eius est. Vero et magnam. Est numquam aliquid nobis cupiditate dignissimos vero minus reprehenderit. Deserunt quia magni. Sapiente ut non nulla optio et molestias. Doloribus corrupti voluptate. Doloremque et quam. Tempore voluptatibus unde hic. Corrupti facilis vel consequuntur voluptas quis beatae repellat quam odio. Corporis harum quia et sed officia facere. Voluptatem porro odit non doloremque tenetur ut aut deserunt.,44943,24814,7587,1227,1613
7,Tromp - Hane,Solomon Islands Dollar IB Generic Metal Mouse Kentucky card Director Cambridgeshire synergistic,56671,857,182.25831772476496,indigo,XXXX-Small XXX-Small Small Large,491,Commodi quia facere. Ad veniam tempora incidunt. Minus aut error accusamus ipsam quis nostrum. Molestias a culpa culpa sint eligendi et similique et. Aliquam et soluta repudiandae sed id expedita sapiente alias. Soluta quod nemo placeat eaque dignissimos aut eum. Tenetur illo id cumque odio quae aut dolor. Non vitae commodi laudantium velit. Quis mollitia sed blanditiis est nulla. Omnis quae quasi vel. Omnis inventore praesentium non vitae unde itaque dignissimos animi ipsa. Delectus eveniet qui. Magnam minus et explicabo vitae aperiam quasi qui ab. Molestiae vero praesentium est sit voluptas exercitationem.,31587,1082,4668,7549,11785
6,"Krajcik, Kling and Willms",virtual revolutionary Small Frozen Soap Bedfordshire Belize Dollar Berkshire web-enabled copying,33152,562,4601.212298219291,orchid,Medium Large XX-Large,329,Incidunt dolorum dolore corporis omnis. Blanditiis beatae mollitia. Corrupti id unde illum omnis veritatis nobis aut. Quae est nesciunt occaecati. Esse dicta quia inventore nobis iure perferendis cum. At rem vel omnis aliquid aliquid nisi asperiores exercitationem consectetur. Officia eos odio saepe similique corporis qui. Adipisci rerum expedita dolore voluptatem maxime ut maxime sint aperiam. Et nihil autem velit impedit odit expedita fugiat ullam. Aspernatur commodi excepturi praesentium non amet. Excepturi consequatur nihil molestias aperiam. Blanditiis beatae facere eos dolorem voluptates iusto magni consequuntur.,1254,16508,9803,76,5511
5,"Watsica, Pfannerstill and Abbott",GB Sleek Fresh Shirt Ethiopian Birr Global withdrawal channels Investment Account Avon,49258,205,3715.7014656763367,pink,XXX-Large XXXX-Large XXXXX-Large,560,Repudiandae ratione ut atque itaque qui sit iusto odio. Maxime ipsum mollitia et distinctio consequatur aliquam. Omnis modi dolores laboriosam. Eum aliquid molestias magni. Aperiam ut esse quibusdam qui eveniet eos minus labore corrupti. Hic ut molestiae et repellat beatae delectus atque quod sint. Est et nihil excepturi et labore. Delectus necessitatibus nostrum nisi est. Nulla totam quas eligendi ut reiciendis enim dolores nam accusantium. Dolores ratione totam voluptas debitis nihil. Ut soluta dolores amet. Distinctio aut consequatur optio corrupti ducimus non fugit et. Dolore blanditiis aut qui rerum ex accusantium quasi. Nihil vero iste harum excepturi at excepturi at. Fugit dolore cumque eaque quas placeat cum libero. Vero omnis autem non iste.,13425,7810,1444,23605,2974
4,Mosciski LLC,Village cross-media Louisiana Borders Azerbaijanian Manat vortals Handcrafted neural,27649,309,3725.6915260089286,purple,X-Small Medium Large,209,In omnis accusantium natus nesciunt ipsum provident. Cumque itaque ipsam tempora aspernatur omnis suscipit illum. Omnis quam magni et quia quaerat facilis adipisci quia omnis. Excepturi est voluptates aspernatur nisi voluptatem et exercitationem voluptas accusamus. Impedit rerum harum vitae qui eius. Ea a eius animi culpa occaecati mollitia non quia ratione. Excepturi ut eos accusamus dolorem rerum dolorem. Perferendis provident voluptatum. Ut et suscipit quis rerum eum pariatur. Neque sed at porro laborum sunt aspernatur. Error tempora cupiditate facere et odit nesciunt omnis a. Iure alias voluptas sunt repudiandae nam. Rerum accusantium accusantium enim doloribus. Non quibusdam repellendus voluptatem. Aut est veritatis voluptas et voluptatem ea. Cumque aspernatur explicabo ad quo et rerum et quisquam neque.,9304,14964,548,2727,106
3,Williamson - Luettgen,hacking gold multi-byte salmon Money Market Account Expanded payment wireless,12750,1000,4221.020384399595,yellow,X-Small X-Large XX-Large,616,Nesciunt molestias harum quas ut et et totam. Repellendus sit soluta quis. Exercitationem molestias nihil illum. Dignissimos ut similique et. Consequatur a voluptatibus minima. In consequuntur quo labore. Sit qui quia perspiciatis qui provident libero. Sit libero nulla voluptates qui doloremque vel. Aperiam vitae asperiores. Ducimus tempora omnis officia commodi quia qui qui possimus esse. Possimus sequi cum modi natus quaerat et. Voluptatum quidem rem sit ipsa animi minus. Possimus repellat maiores officiis facere quod vitae natus et.,8181,3588,544,288,149
2,Ledner - Russel,Norfolk Island Platinum wireless plug-and-play Georgia process improvement enterprise Minnesota,84282,350,4334.213593029051,violet,Small Medium Large,263,Sit omnis et ut ex qui. Est quam inventore vel ut minus. Harum aut facere ullam neque voluptatibus velit. Ratione quam est omnis aut natus et inventore nostrum. Enim enim corrupti beatae asperiores et. Sint doloremque quia voluptas voluptatibus. Quasi soluta impedit saepe excepturi. Veritatis voluptate dolores et ullam repellat ut. Eos cupiditate ut voluptatem eaque voluptas ipsum libero rerum. A et iure molestiae eaque qui sed quibusdam perspiciatis. Voluptatum ut ad amet eum mollitia vitae repellendus rerum aut.,9977,53183,1234,3245,16643
1,Becker LLC,indigo Yemeni Rial bricks-and-clicks envisioneer overriding Utah Product deposit,6044,194,1297.2455554118922,teal,Medium Large XX-Large,257,Non temporibus voluptas. Culpa velit modi aspernatur harum architecto eos quidem et laboriosam. Ut ut recusandae voluptates nisi aut placeat excepturi. Saepe earum est dicta sed similique minima. Impedit dolores sunt neque id perspiciatis quaerat. Quo autem et accusamus aut esse et pariatur nam facilis. Consequatur nihil incidunt nostrum nobis sapiente aut omnis nam at. Odio asperiores vero aperiam eos perspiciatis. Qui accusantium cumque eaque. Dolorem adipisci nam doloremque nulla veritatis. Voluptates officiis error ullam et.,3719,1776,323,79,147
